,Name,Author,User Rating,Reviews,Price,Year,Genre
2,12 Rules for Life: An Antidote to Chaos,Jordan B. Peterson,4.7,18979,15,2018,Non Fiction
3,1984 (Signet Classics),George Orwell,4.7,21424,6,2017,Fiction
4,"5,000 Awesome Facts (About Everything!) (National Geographic Kids)",National Geographic Kids,4.8,7665,12,2019,Non Fiction
7,A Gentleman in Moscow: A Novel,Amor Towles,4.7,19699,15,2017,Fiction
8,"A Higher Loyalty: Truth, Lies, and Leadership",James Comey,4.7,5983,3,2018,Non Fiction
10,A Man Called Ove: A Novel,Fredrik Backman,4.6,23848,8,2017,Fiction
13,A Wrinkle in Time (Time Quintet),Madeleine L'Engle,4.5,5153,5,2018,Fiction
26,Astrophysics for People in a Hurry,Neil deGrasse Tyson,4.7,9374,9,2017,Non Fiction
32,Becoming,Michelle Obama,4.8,61133,11,2018,Non Fiction
33,Becoming,Michelle Obama,4.8,61133,11,2019,Non Fiction
40,"Brown Bear, Brown Bear, What Do You See?",Bill Martin Jr.,4.9,14344,5,2017,Fiction
41,"Brown Bear, Brown Bear, What Do You See?",Bill Martin Jr.,4.9,14344,5,2019,Fiction
44,Can't Hurt Me: Master Your Mind and Defy the Odds,David Goggins,4.8,16244,18,2019,Non Fiction
53,Crazy Rich Asians (Crazy Rich Asians Trilogy),Kevin Kwan,4.3,6143,8,2018,Fiction
65,Dear Zoo: A Lift-the-Flap Book,Rod Campbell,4.8,10922,5,2017,Fiction
66,Dear Zoo: A Lift-the-Flap Book,Rod Campbell,4.8,10922,5,2018,Fiction
74,Difficult Riddles For Smart Kids: 300 Difficult Riddles And Brain Teasers Families Will Love (Books for Smart Kids),M Prefontaine,4.6,7955,5,2019,Non Fiction
81,Dog Man and Cat Kid: From the Creator of Captain Underpants (Dog Man #4),Dav Pilkey,4.9,5062,6,2018,Fiction
82,Dog Man: A Tale of Two Kitties: From the Creator of Captain Underpants (Dog Man #3),Dav Pilkey,4.9,4786,8,2017,Fiction
83,Dog Man: Brawl of the Wild: From the Creator of Captain Underpants (Dog Man #6),Dav Pilkey,4.9,7235,4,2018,Fiction
84,Dog Man: Brawl of the Wild: From the Creator of Captain Underpants (Dog Man #6),Dav Pilkey,4.9,7235,4,2019,Fiction
85,Dog Man: Fetch-22: From the Creator of Captain Underpants (Dog Man #8),Dav Pilkey,4.9,12619,8,2019,Fiction
86,Dog Man: For Whom the Ball Rolls: From the Creator of Captain Underpants (Dog Man #7),Dav Pilkey,4.9,9089,8,2019,Fiction
87,Dog Man: Lord of the Fleas: From the Creator of Captain Underpants (Dog Man #5),Dav Pilkey,4.9,5470,6,2018,Fiction
97,Educated: A Memoir,Tara Westover,4.7,28729,15,2018,Non Fiction
98,Educated: A Memoir,Tara Westover,4.7,28729,15,2019,Non Fiction
101,Fahrenheit 451,Ray Bradbury,4.6,10721,8,2018,Fiction
103,Fear: Trump in the White House,Bob Woodward,4.4,6042,2,2018,Non Fiction
109,Fire and Fury: Inside the Trump White House,Michael Wolff,4.2,13677,6,2018,Non Fiction
113,First 100 Words,Roger Priddy,4.7,17323,4,2017,Non Fiction
114,First 100 Words,Roger Priddy,4.7,17323,4,2018,Non Fiction
125,Giraffes Can't Dance,Giles Andreae,4.8,14038,4,2017,Fiction
126,Giraffes Can't Dance,Giles Andreae,4.8,14038,4,2018,Fiction
127,Giraffes Can't Dance,Giles Andreae,4.8,14038,4,2019,Fiction
128,"Girl, Stop Apologizing: A Shame-Free Plan for Embracing and Achieving Your Goals",Rachel Hollis,4.6,7660,12,2019,Non Fiction
129,"Girl, Wash Your Face: Stop Believing the Lies About Who You Are So You Can Become Who You Were Meant to Be",Rachel Hollis,4.6,22288,12,2018,Non Fiction
130,"Girl, Wash Your Face: Stop Believing the Lies About Who You Are So You Can Become Who You Were Meant to Be",Rachel Hollis,4.6,22288,12,2019,Non Fiction
138,Good Days Start With Gratitude: A 52 Week Guide To Cultivate An Attitude Of Gratitude: Gratitude Journal,Pretty Simple Press,4.6,10141,6,2019,Non Fiction
143,Goodnight Moon,Margaret Wise Brown,4.8,8837,5,2017,Fiction
144,Goodnight Moon,Margaret Wise Brown,4.8,8837,5,2018,Fiction
145,Goodnight Moon,Margaret Wise Brown,4.8,8837,5,2019,Fiction
150,Guts,Raina Telgemeier,4.8,5476,7,2019,Non Fiction
155,"Harry Potter and the Goblet of Fire: The Illustrated Edition (Harry Potter, Book 4) (4)",J. K. Rowling,4.9,7758,18,2019,Fiction
156,"Harry Potter and the Prisoner of Azkaban: The Illustrated Edition (Harry Potter, Book 3)",J.K. Rowling,4.9,3146,30,2017,Fiction
164,Hillbilly Elegy: A Memoir of a Family and Culture in Crisis,J. D. Vance,4.4,15526,14,2017,Non Fiction
165,Homebody: A Guide to Creating Spaces You Never Want to Leave,Joanna Gaines,4.8,3776,22,2018,Non Fiction
169,How to Win Friends & Influence People,Dale Carnegie,4.7,25001,11,2017,Non Fiction
170,How to Win Friends & Influence People,Dale Carnegie,4.7,25001,11,2018,Non Fiction
171,Howard Stern Comes Again,Howard Stern,4.3,5272,16,2019,Non Fiction
176,"I Am Confident, Brave & Beautiful: A Coloring Book for Girls",Hopscotch Girls,4.8,9737,7,2019,Non Fiction
178,If Animals Kissed Good Night,Ann Whitford Paul,4.8,16643,4,2017,Fiction
179,If Animals Kissed Good Night,Ann Whitford Paul,4.8,16643,4,2019,Fiction
184,Instant Pot Pressure Cooker Cookbook: 500 Everyday Recipes for Beginners and Advanced Users. Try Easy and Healthy…,Jennifer Smith,4.4,7396,13,2019,Non Fiction
185,Instant Pot Pressure Cooker Cookbook: 500 Everyday Recipes for Beginners and Advanced Users. Try Easy and Healthy…,Jennifer Smith,4.4,7396,13,2018,Non Fiction
186,It's Not Supposed to Be This Way: Finding Unexpected Strength When Disappointments Leave You Shattered,Lysa TerKeurst,4.8,7062,12,2019,Non Fiction
195,Killers of the Flower Moon: The Osage Murders and the Birth of the FBI,David Grann,4.6,8393,17,2017,Non Fiction
203,Kitchen Confidential Updated Edition: Adventures in the Culinary Underbelly (P.S.),Anthony Bourdain,4.8,2507,8,2018,Non Fiction
207,"Last Week Tonight with John Oliver Presents A Day in the Life of Marlon Bundo (Better Bundo Book, LGBT Childrens Book)",Jill Twiss,4.9,11881,13,2018,Fiction
212,Laugh-Out-Loud Jokes for Kids,Rob Elliott,4.6,6990,4,2017,Non Fiction
214,Leonardo da Vinci,Walter Isaacson,4.5,3014,21,2017,Non Fiction
215,Lettering and Modern Calligraphy: A Beginner's Guide: Learn Hand Lettering and Brush Lettering,Paper Peony Press,4.4,7550,6,2018,Non Fiction
220,Little Fires Everywhere,Celeste Ng,4.5,25706,12,2018,Fiction
225,Magnolia Table: A Collection of Recipes for Gathering,Joanna Gaines,4.8,9867,16,2018,Non Fiction
227,Make Your Bed: Little Things That Can Change Your Life...And Maybe the World,Admiral William H. McRaven,4.7,10199,11,2017,Non Fiction
230,Milk and Honey,Rupi Kaur,4.7,17739,8,2017,Non Fiction
231,Milk and Honey,Rupi Kaur,4.7,17739,8,2018,Non Fiction
232,Milk and Vine: Inspirational Quotes From Classic Vines,Adam Gasiewski,4.4,3113,6,2017,Non Fiction
239,"National Geographic Kids Why?: Over 1,111 Answers to Everything",Crispin Boyer,4.8,5347,16,2019,Non Fiction
240,National Geographic Little Kids First Big Book of Why (National Geographic Little Kids First Big Books),Amy Shields,4.8,7866,11,2019,Non Fiction
244,Obama: An Intimate Portrait,Pete Souza,4.9,3192,22,2017,Non Fiction
250,"Oh, the Places You'll Go!",Dr. Seuss,4.9,21834,8,2017,Fiction
251,"Oh, the Places You'll Go!",Dr. Seuss,4.9,21834,8,2018,Fiction
252,"Oh, the Places You'll Go!",Dr. Seuss,4.9,21834,8,2019,Fiction
257,"Option B: Facing Adversity, Building Resilience, and Finding Joy",Sheryl Sandberg,4.5,1831,9,2017,Non Fiction
258,Origin: A Novel (Robert Langdon),Dan Brown,4.3,18904,13,2017,Fiction
262,P is for Potty! (Sesame Street) (Lift-the-Flap),Naomi Kleinberg,4.7,10820,5,2018,Non Fiction
263,P is for Potty! (Sesame Street) (Lift-the-Flap),Naomi Kleinberg,4.7,10820,5,2019,Non Fiction
265,Player's Handbook (Dungeons & Dragons),Wizards RPG Team,4.8,16990,27,2017,Fiction
266,Player's Handbook (Dungeons & Dragons),Wizards RPG Team,4.8,16990,27,2018,Fiction
267,Player's Handbook (Dungeons & Dragons),Wizards RPG Team,4.8,16990,27,2019,Fiction
279,"Publication Manual of the American Psychological Association, 6th Edition",American Psychological Association,4.5,8580,46,2017,Non Fiction
280,"Publication Manual of the American Psychological Association, 6th Edition",American Psychological Association,4.5,8580,46,2018,Non Fiction
281,Puppy Birthday to You! (Paw Patrol) (Little Golden Book),Golden Books,4.8,4757,4,2017,Fiction
286,Ready Player One: A Novel,Ernest Cline,4.6,22536,12,2017,Fiction
287,Ready Player One: A Novel,Ernest Cline,4.6,22536,12,2018,Fiction
290,"Salt, Fat, Acid, Heat: Mastering the Elements of Good Cooking",Samin Nosrat,4.8,7802,20,2018,Non Fiction
291,"Salt, Fat, Acid, Heat: Mastering the Elements of Good Cooking",Samin Nosrat,4.8,7802,20,2019,Non Fiction
293,"School Zone - Big Preschool Workbook - Ages 4 and Up, Colors, Shapes, Numbers 1-10, Alphabet, Pre-Writing, Pre-Reading…",School Zone,4.8,23047,6,2018,Non Fiction
294,"School Zone - Big Preschool Workbook - Ages 4 and Up, Colors, Shapes, Numbers 1-10, Alphabet, Pre-Writing, Pre-Reading…",School Zone,4.8,23047,6,2019,Non Fiction
297,Ship of Fools: How a Selfish Ruling Class Is Bringing America to the Brink of Revolution,Tucker Carlson,4.8,3923,16,2018,Non Fiction
303,Strange Planet (Strange Planet Series),Nathan W. Pyle,4.9,9382,6,2019,Fiction
312,StrengthsFinder 2.0,Gallup,4.0,5069,17,2017,Non Fiction
327,The 5 Love Languages: The Secret to Love that Lasts,Gary Chapman,4.8,25554,8,2017,Non Fiction
328,The 5 Love Languages: The Secret to Love that Lasts,Gary Chapman,4.8,25554,8,2018,Non Fiction
329,The 5 Love Languages: The Secret to Love that Lasts,Gary Chapman,4.8,25554,8,2019,Non Fiction
337,The 7 Habits of Highly Effective People: Powerful Lessons in Personal Change,Stephen R. Covey,4.7,4725,16,2017,Non Fiction
345,"The Body Keeps the Score: Brain, Mind, and Body in the Healing of Trauma",Bessel van der Kolk M.D.,4.8,12361,12,2019,Non Fiction
355,The Complete Ketogenic Diet for Beginners: Your Essential Guide to Living the Keto Lifestyle,Amy Ramos,4.3,13061,6,2018,Non Fiction
356,The Complete Ketogenic Diet for Beginners: Your Essential Guide to Living the Keto Lifestyle,Amy Ramos,4.3,13061,6,2019,Non Fiction
378,The Four Agreements: A Practical Guide to Personal Freedom (A Toltec Wisdom Book),Don Miguel Ruiz,4.7,23308,6,2017,Non Fiction
379,The Four Agreements: A Practical Guide to Personal Freedom (A Toltec Wisdom Book),Don Miguel Ruiz,4.7,23308,6,2018,Non Fiction
380,The Four Agreements: A Practical Guide to Personal Freedom (A Toltec Wisdom Book),Don Miguel Ruiz,4.7,23308,6,2019,Non Fiction
381,The Getaway,Jeff Kinney,4.8,5836,0,2017,Fiction
391,The Going-To-Bed Book,Sandra Boynton,4.8,5249,5,2017,Fiction
397,The Guardians: A Novel,John Grisham,4.5,13609,14,2019,Fiction
399,The Handmaid's Tale,Margaret Atwood,4.3,29442,7,2017,Fiction
401,The Hate U Give,Angie Thomas,4.8,9947,11,2018,Fiction
415,The Instant Pot Electric Pressure Cooker Cookbook: Easy Recipes for Fast & Healthy Meals,Laurel Randolph,4.3,7368,7,2017,Non Fiction
416,The Instant Pot Electric Pressure Cooker Cookbook: Easy Recipes for Fast & Healthy Meals,Laurel Randolph,4.3,7368,7,2018,Non Fiction
425,The Life-Changing Magic of Tidying Up: The Japanese Art of Decluttering and Organizing,Marie Kondō,4.5,22641,11,2017,Non Fiction
426,The Life-Changing Magic of Tidying Up: The Japanese Art of Decluttering and Organizing,Marie Kondō,4.5,22641,11,2019,Non Fiction
435,The Meltdown (Diary of a Wimpy Kid Book 13),Jeff Kinney,4.8,5898,8,2018,Fiction
436,The Mueller Report,The Washington Post,4.6,2744,12,2019,Non Fiction
449,"The Plant Paradox Cookbook: 100 Delicious Recipes to Help You Lose Weight, Heal Your Gut, and Live Lectin-Free",Dr. Steven R Gundry MD,4.5,3601,18,2018,Non Fiction
450,"The Plant Paradox: The Hidden Dangers in ""Healthy"" Foods That Cause Disease and Weight Gain",Dr. Steven R Gundry MD,4.4,7058,17,2018,Non Fiction
451,The Pout-Pout Fish,Deborah Diesen,4.8,9784,5,2017,Fiction
452,The Pout-Pout Fish,Deborah Diesen,4.8,9784,5,2018,Fiction
454,The President Is Missing: A Novel,James Patterson,4.3,10191,18,2018,Fiction
460,The Shack: Where Tragedy Confronts Eternity,William P. Young,4.6,19720,8,2017,Fiction
462,The Silent Patient,Alex Michaelides,4.5,27536,14,2019,Fiction
464,The Subtle Art of Not Giving a F*ck: A Counterintuitive Approach to Living a Good Life,Mark Manson,4.6,26490,15,2017,Non Fiction
465,The Subtle Art of Not Giving a F*ck: A Counterintuitive Approach to Living a Good Life,Mark Manson,4.6,26490,15,2018,Non Fiction
466,The Subtle Art of Not Giving a F*ck: A Counterintuitive Approach to Living a Good Life,Mark Manson,4.6,26490,15,2019,Non Fiction
467,The Sun and Her Flowers,Rupi Kaur,4.7,5487,9,2017,Non Fiction
472,The Total Money Makeover: Classic Edition: A Proven Plan for Financial Fitness,Dave Ramsey,4.7,11550,10,2019,Non Fiction
475,The Unofficial Harry Potter Cookbook: From Cauldron Cakes to Knickerbocker Glory--More Than 150 Magical Recipes for…,Dinah Bucholz,4.7,9030,10,2019,Non Fiction
480,The Very Hungry Caterpillar,Eric Carle,4.9,19546,5,2017,Fiction
481,The Very Hungry Caterpillar,Eric Carle,4.9,19546,5,2018,Fiction
482,The Very Hungry Caterpillar,Eric Carle,4.9,19546,5,2019,Fiction
485,The Whole30: The 30-Day Guide to Total Health and Food Freedom,Melissa Hartwig Urban,4.6,7508,16,2017,Non Fiction
487,The Wonderful Things You Will Be,Emily Winfield Martin,4.9,8842,10,2017,Fiction
488,The Wonderful Things You Will Be,Emily Winfield Martin,4.9,8842,10,2018,Fiction
489,The Wonderful Things You Will Be,Emily Winfield Martin,4.9,8842,10,2019,Fiction
490,The Wonky Donkey,Craig Smith,4.8,30183,4,2018,Fiction
491,The Wonky Donkey,Craig Smith,4.8,30183,4,2019,Fiction
496,Thirteen Reasons Why,Jay Asher,4.5,7932,9,2017,Fiction
503,Thug Kitchen: The Official Cookbook: Eat Like You Give a F*ck (Thug Kitchen Cookbooks),Thug Kitchen,4.6,11128,23,2017,Non Fiction
509,To Kill a Mockingbird,Harper Lee,4.8,26234,7,2019,Fiction
510,"Tools of Titans: The Tactics, Routines, and Habits of Billionaires, Icons, and World-Class Performers",Timothy Ferriss,4.6,4360,21,2017,Non Fiction
521,Unfreedom of the Press,Mark R. Levin,4.9,5956,11,2019,Non Fiction
522,Unicorn Coloring Book: For Kids Ages 4-8 (US Edition) (Silly Bear Coloring Books),Silly Bear,4.8,6108,4,2019,Non Fiction
526,What Happened,Hillary Rodham Clinton,4.6,5492,18,2017,Non Fiction
529,What Should Danny Do? (The Power to Choose Series),Adir Levy,4.8,8170,13,2019,Fiction
534,Where the Crawdads Sing,Delia Owens,4.8,87841,15,2019,Fiction
536,Whose Boat Is This Boat?: Comments That Don't Help in the Aftermath of a Hurricane,The Staff of The Late Show with,4.6,6669,12,2018,Non Fiction
544,Wonder,R. J. Palacio,4.8,21625,9,2017,Fiction
545,Wrecking Ball (Diary of a Wimpy Kid Book 14),Jeff Kinney,4.9,9413,8,2019,Fiction
547,You Are a Badass: How to Stop Doubting Your Greatness and Start Living an Awesome Life,Jen Sincero,4.7,14331,8,2017,Non Fiction
548,You Are a Badass: How to Stop Doubting Your Greatness and Start Living an Awesome Life,Jen Sincero,4.7,14331,8,2018,Non Fiction
549,You Are a Badass: How to Stop Doubting Your Greatness and Start Living an Awesome Life,Jen Sincero,4.7,14331,8,2019,Non Fiction
